district,hospital,address,closed,opening,lon,lat,lon_wgs,lat_wgs
黄浦区,复旦大学附属妇产科医院,上海市黄浦区方斜路419号,无,全部,121.48935501011253,31.21800288153119,121.47829429876806,31.214203490051066
黄浦区,复旦大学附属妇产科医院,大林路358号（3-5层）,无,全部,121.48935501011253,31.21800288153119,121.47829429876806,31.214203490051066
黄浦区,复旦大学附属妇产科医院,方斜路566号,无,全部,121.48935501011253,31.21800288153119,121.47829429876806,31.214203490051066
黄浦区,复旦大学附属妇产科医院,肇周路413号,无,全部,121.48935501011253,31.21800288153119,121.47829429876806,31.214203490051066
黄浦区,海军军医大学第二附属医院,上海市凤阳路415号,无,全部,121.49158559252436,31.23724715206362,121.48051480848468,31.233474747519825
黄浦区,华东医院,黄陂北路55号,无,全部,121.49158559252436,31.23724715206362,121.48051480848468,31.233474747519825
黄浦区,上海交通大学医学院附属第九人民医院,上海市制造局路639号,无,全部,121.49299000335866,31.208020834002853,121.48193936079079,31.204289012101423
黄浦区,上海交通大学医学院附属第九人民医院,瞿溪路500号,无,全部,121.49299000335866,31.208020834002853,121.48193936079079,31.204289012101423
黄浦区,上海交通大学医学院附属仁济医院,上海市山东中路145号,无,全部,121.49074235314215,31.23932678837022,121.47967168846104,31.235539475494804
黄浦区,上海交通大学医学院附属瑞金医院,上海市瑞金二路197号,无,全部,121.47223968506148,31.218698506045408,121.46120188764614,31.214544509592187
黄浦区,上海市口腔医院,上海市北京东路356号,无,全部,121.48988501036343,31.246404862464585,121.47881643485867,31.24260023901627
黄浦区,上海中医药大学附属曙光医院,上海市普安路185号,门急诊、发热门诊、住院、核酸检测,除停诊外,121.48578101181055,31.22867285332279,121.47471524265151,31.224799567148022
黄浦区,上海江南造船集团职工医院,上海市龙华东路155号,无,全部,121.4814521673885,31.20605146138024,121.47041167485233,31.202104896009452
黄浦区,上海江南造船集团职工医院,瞿溪路1069号,无,全部,121.4814521673885,31.20605146138024,121.47041167485233,31.202104896009452
黄浦区,上海交通大学医学院附属第九人民医院黄浦分院,上海市普育东路58号,无,全部,121.50217158397614,31.21498793418004,121.49112613229384,31.21135632495884
黄浦区,上海交通大学医学院附属第九人民医院黄浦分院,宁波路109号,无,全部,121.50217158397614,31.21498793418004,121.49112613229384,31.21135632495884
黄浦区,上海交通大学医学院附属瑞金医院卢湾分院,上海市重庆南路149号,门急诊、核酸检测,除停诊外,121.4790294374281,31.224602845228874,121.4679751092868,31.220591355375575
黄浦区,上海市黄浦区第二牙病防治所,上海市瑞金二路148号,无,全部,121.47269602426056,31.215785881678817,121.46166012811072,31.211643580121056
黄浦区,上海市黄浦区妇幼保健所,上海市黄浦区中华路1515号，江西中路250号一层南面,无,全部,121.49142434668532,31.225438538766178,121.48035745128131,31.22166974108885
黄浦区,上海市黄浦区精神卫生中心,上海市北京西路130号,无,全部,121.47750716891089,31.24264174512276,121.46645166781852,31.238588341039033
黄浦区,上海市黄浦区精神卫生中心,瞿溪路1162号,无,全部,121.47750716891089,31.24264174512276,121.46645166781852,31.238588341039033
黄浦区,上海市黄浦区老年护理医院,上海市中华路1495号,无,全部,121.49145533822542,31.225511492720814,121.48038839745898,31.22174315987129
黄浦区,上海市黄浦区香山中医医院,上海市复兴中路526－528号,无,全部,121.47321515501477,31.22162771566563,121.46217317611593,31.217492466037523
黄浦区,上海市黄浦区牙病防治所,上海市江西中路136弄2号,无,全部,121.49813199392833,31.225044895229656,121.48707012835207,31.221369383042806
黄浦区,上海市黄浦区牙病防治所,净土街77号,无,全部,121.49813199392833,31.225044895229656,121.48707012835207,31.221369383042806
黄浦区,上海市黄浦区中西医结合医院,上海市黄家路163号,无,全部,121.50097297493419,31.22199983399109,121.48991846762566,31.218353992362236
黄浦区,上海市黄浦区中西医结合医院,上海市方浜中路59号,无,全部,121.50097297493419,31.22199983399109,121.48991846762566,31.218353992362236
黄浦区,上海市瑞金康复医院,上海市黄浦区瞿溪路1100号,无,全部,121.48031985329318,31.204724341091607,121.4692825393442,31.200754661938348
黄浦区,上海市瑞金康复医院,丽园路712号地下一楼、一楼、四楼,无,全部,121.48031985329318,31.204724341091607,121.4692825393442,31.200754661938348
静安区,上海市眼病防治中心,康定路380号,无,全部,121.4552793177109,31.241515906453569,121.44425019778632,31.2370652283901
静安区,复旦大学附属华山医院,上海市乌鲁木齐中路12号,无,全部,121.44996296604175,31.222787839843528,121.43893524060417,31.218304963763124
静安区,复旦大学附属华山医院,华山路433号,无,全部,121.44996296604175,31.222787839843528,121.43893524060417,31.218304963763124
静安区,华东医院,上海市延安西路221号,骨科急诊,除停诊外,121.44784098876608,31.22478287702155,121.43680874872422,31.220289962271902
静安区,华东医院,北京西路860号,无,全部,121.44784098876608,31.22478287702155,121.43680874872422,31.220289962271902
静安区,上海市第十人民医院,上海市延长中路301号,无,全部,121.46008803693636,31.278008836945035,121.44908479018174,31.273610369467985
静安区,上海市第十人民医院,虬江路1057号,无,全部,121.46008803693636,31.278008836945035,121.44908479018174,31.273610369467985
静安区,上海市第一妇婴保健院,长乐路536号,无,全部,121.46273597208811,31.22621285138311,121.4517065731498,31.22187156377871
静安区,上海市儿童医院,静安区北京西路1400弄24号,无,全部,121.45462400384136,31.235264885717649,121.44359444614945,31.230810238431104
静安区,上海市静安区中心医院,上海市西康路259号,无,全部,121.456221011377,31.23720986917065,121.44519159493582,31.23277122076442
静安区,上海市静安区中心医院,常德路370号,无,全部,121.456221011377,31.23720986917065,121.44519159493582,31.23277122076442
静安区,上海市静安区中心医院,上海市静安区西康路266号,无,全部,121.456221011377,31.23720986917065,121.44519159493582,31.23277122076442
静安区,上海市皮肤病医院,上海市保德路1278号,无,全部,121.4516292329322,31.32221958016276,121.44061373939458,31.317709213202363
静安区,上海市中医医院,上海市芷江中路274号,无,全部,121.47798300133953,31.26549590156901,121.46694246522708,31.26144723051576
静安区,上海市中医医院,石门一路67弄1号,无,全部,121.47798300133953,31.26549590156901,121.46694246522708,31.26144723051576
静安区,上海中医药大学附属岳阳中西医结合医院,青海路44号,无,全部,121.47069639619534,31.236244754246305,121.45965235567145,31.232048314300975
静安区,同济大学附属口腔医院,上海市延长中路399号,无,全部,121.459241024671,31.277509941146584,121.44823788164157,31.273099491655675
静安区,上海市第四康复医院,康定路995号,无,全部,121.45123604461048,31.234770856413527,121.44020432785366,31.2302886916991
静安区,上海市第四康复医院,新闸路1739号,无,全部,121.45123604461048,31.234770856413527,121.44020432785366,31.2302886916991
静安区,上海市第四康复医院,康定路828号,无,全部,121.45123604461048,31.234770856413527,121.44020432785366,31.2302886916991
静安区,上海市公惠医院,上海市石门一路315弄6号,无,全部,121.46737796581093,31.235542853246355,121.45633937380285,31.23128022661164
静安区,上海市化工职业病防治院,上海市成都北路369号,无,全部,121.47298303287099,31.235957834612525,121.46193499633999,31.231809557787944
静安区,上海市静安区北站医院,上海市南星路29号,无,全部,121.47151699827872,31.24974388000225,121.46047519695749,31.245559599223203
静安区,上海市静安区妇幼保健所,上海市康定路1297号,无,全部,121.43923522198048,31.236323720673885,121.42817648629172,31.231836516660664
静安区,上海市静安区妇幼保健所,上海市静安区共和新路1873弄4号,无,全部,121.43923522198048,31.236323720673885,121.42817648629172,31.231836516660664
静安区,上海市静安区妇幼保健所,上海市静安区秣陵路80号2楼,无,全部,121.43923522198048,31.236323720673885,121.42817648629172,31.231836516660664
静安区,上海市静安区精神卫生中心,上海市静安区平遥路80、100号,无,全部,121.44742201907622,31.23791484524985,121.43638479345643,31.233413797689746
静安区,上海市静安区精神卫生中心,上海市静安区康定路834号,无,全部,121.44742201907622,31.23791484524985,121.43638479345643,31.233413797689746
静安区,上海市静安区精神卫生中心,上海市静安区江宁路420号八楼E、F、G室,无,全部,121.44742201907622,31.23791484524985,121.43638479345643,31.233413797689746
静安区,上海市静安区市北医院,上海市共和新路4500号,无,全部,121.45446464444389,31.319670959534848,121.44345365546616,31.315185762662203
静安区,上海市静安区市北医院,上海市闻喜路1152号,无,全部,121.45446464444389,31.319670959534848,121.44345365546616,31.315185762662203
静安区,上海市静安区牙病防治所,上海市愚园路505号、507号,无,全部,121.4601999658029,31.241153900052983,121.44916961777444,31.236765509576575
静安区,上海市静安区牙病防治所,平型关路15号,无,全部,121.4601999658029,31.241153900052983,121.44916961777444,31.236765509576575
静安区,上海市静安区牙病防治所,场中路1990号,无,全部,121.4601999658029,31.241153900052983,121.44916961777444,31.236765509576575
静安区,上海市静安区牙病防治所,沪太路909弄15号甲104,无,全部,121.4601999658029,31.241153900052983,121.44916961777444,31.236765509576575
静安区,上海市静安区牙病防治所,武宁南路408号三层,无,全部,121.4601999658029,31.241153900052983,121.44916961777444,31.236765509576575
静安区,上海市静安区牙病防治所,江宁路422号甲一楼,无,全部,121.4601999658029,31.241153900052983,121.44916961777444,31.236765509576575
静安区,上海市静安区闸北中心医院,上海市中华新路619号,门急诊、发热门诊、住院、核酸检测、互联网医院,除停诊外,121.46827285775997,31.260419878111486,121.45724459495116,31.256167074916625
静安区,上海市静安区中医医院,上海市延长中路288号,无,全部,121.46106099163421,31.277094835589904,121.45005637444157,31.27271113722673
静安区,上海市民政第三精神卫生中心,上海市闻喜路590号,无,全部,121.4635669945154,31.31563129129911,121.4525561074498,31.311272655477012
静安区,上海市长宁区妇幼保健院,上海市愚园路786号1号楼2号楼(1楼3至9楼)、3号楼,无,全部,121.45343177276851,31.233844930401653,121.4424019182563,31.229379926638135
静安区,上海邮电医院,上海市长乐路666号,无,全部,121.46006902668076,31.22496059531306,121.44904257695212,31.22057845916714
虹口区,海军军医大学第一附属医院,虹口区东江湾路15号,无,全部,121.51158645453457,31.269746698931358,121.5005837139619,31.266118168081128
虹口区,上海市第一人民医院,上海市武进路85号、武进路86号,无,全部,121.49592898949565,31.259079869338597,121.48487088134308,31.255364746963384
虹口区,上海市肺科医院,沽源路229号,无,全部,121.51158645453457,31.269746698931358,121.5005837139619,31.266118168081128
虹口区,上海市公共卫生临床中心,第二执业点：水电路56号,无,全部,121.47694698559487,31.279319872401609,121.46592004563543,31.2752461778753
虹口区,上海市中西医结合医院,上海市保定路230号,无,全部,121.5178953439617,31.26316280781622,121.50692211708684,31.2595041375162
虹口区,上海中医药大学附属岳阳中西医结合医院,上海市甘河路110号,无,全部,121.49533404175641,31.294613848879306,121.48429855020731,31.29088264380412
虹口区,上海航道医院,上海市虹口区长阳路265号,无,全部,121.5184311831984,31.26278707195135,121.50746103527963,31.25912419325253
虹口区,上海建工医院,上海市中山北一路666号,无,全部,121.4910290024304,31.2906008681047,121.4799916150844,31.286805888607642
虹口区,上海市第四人民医院,上海市三门路1279号,门急诊（发热门诊、普通血透开放）,除停诊外,121.47554697645757,31.31769784575039,121.46451492036284,31.31357729345689
虹口区,上海市虹口区妇幼保健所,上海市巴林路76号,无,全部,121.50143910566331,31.29410717319036,121.4904130793509,31.290442119642226
虹口区,上海市虹口区江湾医院,上海市四川北路1878号,无,全部,121.4908911125346,31.266688971684894,121.4798378745412,31.26289709218334
虹口区,上海市虹口区江湾医院,上海市场中路22号,无,全部,121.4908911125346,31.266688971684894,121.4798378745412,31.26289709218334
虹口区,上海市虹口区精神卫生中心,上海市同心路159号,无,全部,121.4839049905835,31.272954866861228,121.47286236175313,31.269030517970215
虹口区,上海市虹口区牙病防治所,上海市欧阳路571号,无,全部,121.49312942037382,31.27994251521002,121.48208752410447,31.2761840349431
虹口区,上海市静安区市北医院,共和新路4460号,无,全部,121.45446464444389,31.319670959534848,121.44345365546616,31.315185762662203
徐汇区,上海交通大学医学院附属国际和平妇幼保健院,华山路1961号,无,全部,121.44503665862503,31.20286887386525,121.4340199855476,31.198387054395702
徐汇区,复旦大学附属儿科医院,医学院路130号,无,全部,121.46038501673796,31.203962900521348,121.44937846333306,31.19960026401301
徐汇区,复旦大学附属华山医院,吴中东路518号,无,全部,121.42879960687108,31.196353096703218,121.41772814974298,31.192000197363736
徐汇区,复旦大学附属眼耳鼻喉科医院,上海市汾阳路83号,无,全部,121.45668381837575,31.216533328798094,121.44566533492994,31.212112129277482
徐汇区,复旦大学附属眼耳鼻喉科医院,宝庆路19号,无,全部,121.45668381837575,31.216533328798094,121.44566533492994,31.212112129277482
徐汇区,复旦大学附属中山医院,上海市枫林路180号,无,全部,121.46038501673796,31.203962900521348,121.44937846333306,31.19960026401301
徐汇区,复旦大学附属中山医院,斜土路1609号,无,全部,121.46038501673796,31.203962900521348,121.44937846333306,31.19960026401301
徐汇区,复旦大学附属中山医院,医学院路111号,无,全部,121.46038501673796,31.203962900521348,121.44937846333306,31.19960026401301
徐汇区,复旦大学附属肿瘤医院,上海市东安路270号,无,全部,121.45997817417248,31.197373374179514,121.4489788437488,31.193009669391692
徐汇区,上海市第六人民医院,上海市宜山路600号,无,全部,121.42889599505229,31.185292891004946,121.41783371891192,31.180946146293227
徐汇区,上海市肺科医院,上海市延庆路130号,无,全部,121.45673914498515,31.22134137400754,121.44571645571904,31.216917545620994
徐汇区,上海市口腔医院,复兴中路1258号,无,全部,121.46441014406706,31.219171079972509,121.45338405232287,31.214862993214215
徐汇区,上海市口腔医院,永嘉路458号,无,全部,121.46441014406706,31.219171079972509,121.45338405232287,31.214862993214215
徐汇区,上海市胸科医院,上海市淮海西路241号,无,全部,121.4316527150013,31.20392985134314,121.42058714829801,31.199533179145657
徐汇区,上海市徐汇区中心医院,上海市淮海中路966号,门诊、发热门诊、住院、核酸检测,除停诊外,121.46471502895715,31.22335890254269,121.45368524526496,31.219053472789994
徐汇区,上海市徐汇区中心医院,茶陵路333号,无,全部,121.46471502895715,31.22335890254269,121.45368524526496,31.219053472789994
徐汇区,上海中医药大学附属龙华医院,上海市宛平南路725号,无,全部,121.45683302692095,31.194389888485234,121.44583765702981,31.189986771065726
徐汇区,中国福利会国际和平妇幼保健院,上海市衡山路910号,无,全部,121.4450929823805,31.202530887467824,121.43407680442908,31.198049330632184
徐汇区,上海市第八人民医院,上海市漕宝路8号,门急诊、住院、发热门诊、核酸检测,除停诊外,121.43973369170797,31.17395299878395,121.42872058231895,31.169503534759073
徐汇区,上海市第八人民医院,上海市徐汇区南宁路969号1楼,无,全部,121.43973369170797,31.17395299878395,121.42872058231895,31.169503534759073
徐汇区,上海市徐汇区大华医院,上海市老沪闵路901－903号,门急诊、住院、发热门诊、核酸检测,除停诊外,121.4410460262275,31.139112823953995,121.43001392563717,31.13466892536989
徐汇区,上海市徐汇区妇幼保健所,上海市柳州路118号,无,全部,121.43332697681082,31.165080823436388,121.42228654195017,31.160687862954816
徐汇区,上海市徐汇区妇幼保健所,南宁路999号2楼南,无,全部,121.43332697681082,31.165080823436388,121.42228654195017,31.160687862954816
徐汇区,上海市徐汇区精神卫生中心,上海市龙华西路249号,无,全部,121.45330600999712,31.179498763484906,121.4423190181141,31.175069096064803
徐汇区,上海市徐汇区牙病防治所,上海市枫林路500号,无,全部,121.46605000077554,31.195557840931817,121.45504623699405,31.19129684875057
徐汇区,上海邮电医院,复兴中路1315号,无,全部,121.46167749870571,31.217992535911184,121.45065529775403,31.21363943655075
徐汇区,中国人民解放军海军第九〇五医院,上海市沪闵路9585号,无,全部,121.44116568052142,31.173163423415394,121.43015713473712,31.168707849259672
长宁区,复旦大学附属华山医院,江苏路796号,无,全部,121.43948998142311,31.21847684867311,121.42844122485091,31.21399857726159
长宁区,上海市光华中西医结合医院,上海市新华路540号,无,全部,121.42893902388622,31.21111483898105,121.41785249084748,31.206748968506727
长宁区,上海市皮肤病医院,上海市武夷路238号,无,全部,121.4331957343758,31.219495186638697,121.42212120754435,31.215069065016227
长宁区,上海市同仁医院,上海市仙霞路1111号,门急诊,除停诊外,121.38343580743103,31.21427390630808,121.37220135422749,31.210490255201993
长宁区,上海市同仁医院,哈密路419号、431号,无,全部,121.38343580743103,31.21427390630808,121.37220135422749,31.210490255201993
长宁区,上海市眼病防治中心,上海市虹桥路1440号,无,全部,121.40928203322523,31.204815843268596,121.39810001086366,31.200800679627744
长宁区,民航上海医院,上海市红宝石路398号,无,全部,121.40774125961451,31.20400645128977,121.39655323250082,31.20001874858022
长宁区,上海电力医院,上海市延安西路937号,无,全部,121.43824466049463,31.220672630926545,121.42718965328184,31.21620044632046
长宁区,上海市长宁区精神卫生中心,上海市协和路299号,无,全部,121.36124532574026,31.219314218214515,121.35011082418248,31.21528723897495
长宁区,上海市长宁区天山中医医院,上海市娄山关路868号,无,全部,121.4122639583656,31.220652094683346,121.40108019394509,31.216571523378384
长宁区,上海市长宁区天山中医医院,水城路689号,无,全部,121.4122639583656,31.220652094683346,121.40108019394509,31.216571523378384
长宁区,中国人民解放军海军第九〇五医院,上海市华山路1328号,无,全部,121.43890599301108,31.215892891827655,121.42785762320739,31.211419787235794
长宁区,中国人民解放军海军特色医学中心,上海市淮海西路338号,无,全部,121.43403502121376,31.206696830238575,121.42297715448952,31.20227088877953
长宁区,中国人民武装警察部队上海市总队医院,上海市虹许路831号,无,全部,121.39452098725472,31.198420900006956,121.38329990906783,31.194612977235884
杨浦区,复旦大学附属妇产科医院,沈阳路128号,无,全部,121.54101170914162,31.26549883391188,121.5302184059458,31.26151745200606
杨浦区,海军军医大学第三附属医院,上海市长海路225号,无,全部,121.53656303076456,31.31611185895307,121.52573984114204,31.31218495079099
杨浦区,海军军医大学第一附属医院,上海市长海路168号,无,全部,121.53656303076456,31.31611185895307,121.52573984114204,31.31218495079099
杨浦区,上海交通大学医学院附属新华医院,上海市控江路1665号,无,全部,121.52470845227157,31.27897112889094,121.51379633721562,31.275239060328264
杨浦区,上海市肺科医院,上海市政民路507号,无,全部,121.50860399041089,31.30774888797227,121.49759646088343,31.30410955562903
杨浦区,上海市杨浦区中心医院,上海市腾越路450号,无,全部,121.53251993732524,31.265524144657058,121.52165789163368,31.261680983644546
杨浦区,上海市杨浦区中心医院,江浦路549号,无,全部,121.53251993732524,31.265524144657058,121.52165789163368,31.261680983644546
杨浦区,上海市杨浦区中心医院,开鲁路500号,无,全部,121.53251993732524,31.265524144657058,121.52165789163368,31.261680983644546
杨浦区,上海市杨浦区中心医院,延吉东路200号,无,全部,121.53251993732524,31.265524144657058,121.52165789163368,31.261680983644546
杨浦区,上海市杨浦区中心医院,松花江路3号,无,全部,121.53251993732524,31.265524144657058,121.52165789163368,31.261680983644546
杨浦区,上海市第一康复医院,上海市杭州路349号,无,全部,121.54465703290112,31.267401905025009,121.53389352393775,31.263363588756704
杨浦区,上海市第一康复医院,上海市杨浦区控江路25号,无,全部,121.54465703290112,31.267401905025009,121.53389352393775,31.263363588756704
杨浦区,上海市杨浦区妇幼保健院（所）,上海市长阳路1389弄75号乙,无,全部,121.53489528993441,31.27463092585988,121.52406084004004,31.270747816799762
杨浦区,上海市杨浦区妇幼保健院（所）,江浦路667号,无,全部,121.53489528993441,31.27463092585988,121.52406084004004,31.270747816799762
杨浦区,上海市杨浦区精神卫生中心,上海市军工路585号,无,全部,121.55757897800103,31.2954788477756,121.54691163877554,31.29128768058472
杨浦区,上海市杨浦区控江医院,上海市双阳路480号,无,全部,121.53712896323583,31.28839384415065,121.52632100634943,31.284470786056264
杨浦区,上海市杨浦区市东医院,上海市市光路999号,门急诊、住院、发热门诊、核酸检测,除停诊外,121.54020422231869,31.317733245556416,121.52940882991771,31.313745788090525
杨浦区,上海市杨浦区市东医院,上海市杨浦区营口路762号,无,全部,121.54020422231869,31.317733245556416,121.52940882991771,31.313745788090525
杨浦区,上海市杨浦区市东医院,上海市杨浦区民星路574号,无,全部,121.54020422231869,31.317733245556416,121.52940882991771,31.313745788090525
杨浦区,上海市杨浦区牙病防治所,上海市平凉路1814号,无,全部,121.54972653021612,31.274494288461289,121.53900511555868,31.270384918669496
杨浦区,上海市杨浦区牙病防治所,国和路1045号,无,全部,121.54972653021612,31.274494288461289,121.53900511555868,31.270384918669496
杨浦区,上海市杨浦区牙病防治所,平凉路337号,无,全部,121.54972653021612,31.274494288461289,121.53900511555868,31.270384918669496
杨浦区,上海市杨浦区中医医院,上海市眉州路185号,无,全部,121.54269198959804,31.265549841229747,121.53191183850016,31.26154187185175
杨浦区,上海市杨浦区中医医院,眉州路34号,无,全部,121.54269198959804,31.265549841229747,121.53191183850016,31.26154187185175
浦东新区,复旦大学附属华山医院,浦东新区红枫路525号,无,全部,121.60290495877909,31.246062865378499,121.59215490720341,31.242376657058223
浦东新区,复旦大学附属肿瘤医院,上海市浦东新区康新公路4333号,无,全部,121.6266230089896,31.119548833187623,121.61581170306415,31.11616013888197
浦东新区,复旦大学附属肿瘤医院,红曲路688号,无,全部,121.6266230089896,31.119548833187623,121.61581170306415,31.11616013888197
浦东新区,华东医院,世博村路300号,无,全部,121.76149702368257,31.061677851192909,121.75058984343376,31.058048364840555
浦东新区,华东医院,世博村路231号1单元一层（118-121、123室）、1单元二层（210-217室）、1单元三层（311-322室）,无,全部,121.76149702368257,31.061677851192909,121.75058984343376,31.058048364840555
浦东新区,上海交通大学医学院附属第九人民医院,浦东新区严镇路166号,无,全部,121.53695756654453,31.19180040166168,121.52615155694629,31.187923141151153
浦东新区,上海交通大学医学院附属第九人民医院,浦东新区严桥路350号,无,全部,121.53695756654453,31.19180040166168,121.52615155694629,31.187923141151153
浦东新区,上海交通大学医学院附属仁济医院,东方路1630号,无,全部,121.5311970028007,31.213150891895649,121.52032203997094,31.209350911961195
浦东新区,上海交通大学医学院附属仁济医院,浦东新区灵山路845号,无,全部,121.5311970028007,31.213150891895649,121.52032203997094,31.209350911961195
浦东新区,上海交通大学医学院附属上海儿童医学中心,上海市东方路1678号,无,全部,121.52927696460367,31.211585829750026,121.51838822900535,31.207816304374155
浦东新区,上海市第六人民医院东院,上海市浦东新区南汇新城环湖西三路222号,门急诊、发热门诊、核酸检测,除停诊外,121.92900297416155,30.89183382015603,121.91849973027092,30.887848532097788
浦东新区,上海市第六人民医院东院（小洋山门诊部）,小洋山岛观海西路9号,无,全部,121.92900297416155,30.89183382015603,121.91849973027092,30.887848532097788
浦东新区,上海市第七人民医院,上海市浦东新区高桥镇大同路358号,无,全部,121.58515417241029,31.349584460111996,121.57446461625277,31.345524286445333
浦东新区,上海市第七人民医院,浦东新区海鹏路18号,无,全部,121.58515417241029,31.349584460111996,121.57446461625277,31.345524286445333
浦东新区,上海市第一妇婴保健院,上海市高科西路2699号,无,全部,121.55639051981135,31.195550195694027,121.5457161573449,31.191410327204895
浦东新区,上海市东方医院,云台路1800号,无,全部,121.51886111221548,31.243379252411836,121.5078806897716,31.23971761631529
浦东新区,上海市东方医院,上海市浦东新区即墨路150号,无,全部,121.51886111221548,31.243379252411836,121.5078806897716,31.23971761631529
浦东新区,上海市浦东新区公利医院,上海市浦东新区苗圃路219号,门急诊、住院（急救绿色通道保留）,除停诊外,121.60126303596796,31.27058985968658,121.59053949335636,31.266868149845333
浦东新区,上海市浦东新区人民医院,上海市浦东新区川沙镇川环南路490号,无,全部,121.70989799586723,31.195546875035,121.69909689366774,31.191499563954004
浦东新区,上海市浦东新区周浦医院,上海市浦东新区周浦镇周园路1500号,门急诊、发热门诊、住院,除停诊外,121.60219278217079,31.10566092015111,121.59145768501796,31.10203336130183
浦东新区,上海市浦东新区周浦医院,关岳路135号,无,全部,121.60219278217079,31.10566092015111,121.59145768501796,31.10203336130183
浦东新区,上海市浦东医院,上海市浦东新区惠南镇拱为路2800号,门急诊、发热门诊、住院、核酸检测,除停诊外,121.74343802869328,31.064280825813378,121.73250107085954,31.06075480979713
浦东新区,上海市浦东医院,上海市浦东新区申迪东路450弄119号上海国际旅游度假区内,无,全部,121.74343802869328,31.064280825813378,121.73250107085954,31.06075480979713
浦东新区,上海中医药大学附属曙光医院,张衡路528号,无,全部,121.6004065016642,31.192315354668666,121.58970136759402,31.188616142569394
浦东新区,上海沪东医院,上海市浦东新区沪东路238号,无,全部,121.58632538313418,31.276050659495934,121.57566633226055,31.272045927706056
浦东新区,上海市黄浦区精神卫生中心,上海市浦东新区张家浜路39弄5号,无,全部,121.54102401592709,31.23646984312509,121.53021430746277,31.232496397676496
浦东新区,上海市黄浦区肿瘤防治院,上海市洪山路160号,无,全部,121.50502900397285,31.182490832970158,121.49402173546518,31.17889912162582
浦东新区,上海市监狱总医院,上海市周浦镇繁荣路478号,无,全部,121.55045460683195,31.227348292436348,121.53971595718919,31.22324453014296
浦东新区,上海市民政第二精神卫生中心,上海市浦东新区川周公路2607号,无,全部,121.64992119120474,31.157948316498297,121.63916979592513,31.154275301740057
浦东新区,上海市浦东新区传染病医院,上海市华夏东路3018弄46号,无,全部,121.718741005138,31.207409834883227,121.70787278517703,31.203507515379957
浦东新区,上海市浦东新区肺科医院,上海市浦东新区曹路镇秦家港路1569号,无,全部,121.68640083898164,31.274307639477024,121.67569399322865,31.2700230877184
浦东新区,上海市浦东新区妇幼保健院,上海市浦东新区红枫路599号,无,全部,121.6027570078616,31.244433904744509,121.59200696870928,31.24074555908511
浦东新区,上海市浦东新区妇幼保健院,第二执业点：合欢路2号,无,全部,121.6027570078616,31.244433904744509,121.59200696870928,31.24074555908511
浦东新区,上海市浦东新区光明中医医院,上海市浦东新区惠南镇东门大街43号,无,全部,121.76870026607542,31.05172356867668,121.75782827899658,31.047988964728194
浦东新区,上海市浦东新区精神卫生中心,上海市浦东新区三林路165号,无,全部,121.54102401592709,31.23646984312509,121.53021430746277,31.232496397676496
浦东新区,上海市浦东新区精神卫生中心,第二执业点：源深路622号,无,全部,121.54102401592709,31.23646984312509,121.53021430746277,31.232496397676496
浦东新区,上海市浦东新区精神卫生中心,第三执业点：上海市浦东新区川沙镇北城壕路110号,无,全部,121.54102401592709,31.23646984312509,121.53021430746277,31.232496397676496
浦东新区,上海市浦东新区老年医院,上海市浦东新区宣桥镇张家桥路119号,无,全部,121.69668401164602,31.044985830559989,121.68597180253226,31.040853636580398
浦东新区,上海市浦东新区南华医院,上海市浦东新区惠南镇北门路71号,无,全部,121.76149702368257,31.061677851192909,121.75058984343376,31.058048364840555
浦东新区,上海市浦东新区南汇精神卫生中心,上海市浦东新区惠南镇拱乐路2759号,无,全部,121.7435634357806,31.066367666380363,121.73262517568598,31.062840511908295
浦东新区,上海市浦东新区浦南医院,上海市浦东南路2400号,无,全部,121.51661453996558,31.19851881778279,121.50564930337043,31.19490220462579
浦东新区,上海市浦东新区浦南医院,临沂路219号,无,全部,121.51661453996558,31.19851881778279,121.50564930337043,31.19490220462579
浦东新区,上海市浦东新区浦南医院,上海市浦东新区临沂路279号,无,全部,121.51661453996558,31.19851881778279,121.50564930337043,31.19490220462579
浦东新区,上海市浦东新区中医医院,上海市浦东新区平川路399号,无,全部,121.70179402253952,31.186599897310303,121.69104628366289,31.18244143867698
浦东新区,上海长航医院,上海市浦东新区崂山路523号,无,全部,121.52864500667741,31.233670859919618,121.51773568211873,31.229896667512246
普陀区,上海市儿童医院,上海市普陀区泸定路355号,无,全部,121.3928750220688,31.232530863940676,121.38162261660973,31.22871235389296
普陀区,上海市儿童医院,普陀区梅川路1317-1327号2-3楼,无,全部,121.3928750220688,31.232530863940676,121.38162261660973,31.22871235389296
普陀区,上海市普陀区中心医院,上海市兰溪路164号,无,全部,121.40356934916508,31.254973368279598,121.39234762577641,31.251026084089744
普陀区,上海市同济医院,上海市新村路389号,口腔科,除停诊外,121.43752898049483,31.272965900848985,121.42648731866439,31.268480336794312
普陀区,上海市普陀区妇婴保健院,上海市普陀区同普路517号,无,全部,121.39232094723023,31.232932581335186,121.38106802378303,31.229117559043278
普陀区,上海市普陀区妇婴保健院,普陀区曹杨路510号八楼,无,全部,121.39232094723023,31.232932581335186,121.38106802378303,31.229117559043278
普陀区,上海市普陀区精神卫生中心,上海市志丹路211号,无,全部,121.43581070171534,31.27337469760273,121.42476266656244,31.268903043041128
普陀区,上海市普陀区利群医院,上海市桃浦路910号,门急诊、住院、发热门诊、核酸检测,除停诊外,121.39181600970307,31.266249433493493,121.38057914524097,31.262427528402558
普陀区,上海市普陀区人民医院,上海市江宁路1291号,无,全部,121.4476950141207,31.251665871919739,121.43666319038701,31.247160890143554
普陀区,上海市普陀区眼病牙病防治所,上海市长寿路247弄1号,无,全部,121.44602317773608,31.247964865805004,121.43498599147928,31.2434575212516
普陀区,上海市普陀区中医医院,上海市曹杨路1261号,无,全部,121.42028304182263,31.272831872531797,121.40915731307278,31.268583830095256
普陀区,上海市普陀区中医医院,上海市新村路1317号,无,全部,121.42028304182263,31.272831872531797,121.40915731307278,31.268583830095256
宝山区,复旦大学附属华山医院北院,上海市宝山区陆翔路108号,门急诊、发热门诊、住院、核酸检测,除停诊外,121.37985704810984,31.35199911906028,121.36860835036941,31.348142299709682
宝山区,上海交通大学医学院附属第九人民医院,漠河路280号,门急诊、发热门诊、住院、核酸检测,除停诊外,121.4843178517959,31.41441326666071,121.47327481938188,31.41045109592644
宝山区,上海市宝山区中西医结合医院,团结路28号,无,全部,121.4932280543188,31.415612443686038,121.48218070102058,31.411810339950648
宝山区,上海市宝山区大场医院,上海市宝山区环镇北路1058号,无,全部,121.39880653335116,31.312568973669689,121.38758831713707,31.308668250944876
宝山区,上海市宝山区精神卫生中心,上海市盘古路323号,无,全部,121.49209214700145,31.415222761002697,121.48104455284572,31.411403078180214
宝山区,上海市宝山区罗店医院,上海市宝山区永顺路88号,门急诊,除停诊外,121.35718031364651,31.41932582654457,121.34608758565228,31.415162120787514
宝山区,上海市宝山区仁和医院,上海市宝山区长江西路1999号,门急诊,除停诊外,121.44877729259912,31.338950658205055,121.43774095329454,31.334414419207626
宝山区,上海市宝山区吴淞中心医院,牡丹江路216号,无,全部,121.50059685441716,31.378195222112585,121.48953447883716,31.37448588660843
宝山区,上海市第二康复医院,上海市宝山区长江路860弄25号,无,全部,121.49206169444465,31.350057682689117,121.48098192718656,31.346247539785775
宝山区,上海中冶医院,春雷路456号,门诊、儿科门诊,除停诊外,121.46595406174706,31.412671138798478,121.45494100001652,31.4083257884057
宝山区,上海中冶医院,上海蕰川路3739号,无,全部,121.46595406174706,31.412671138798478,121.45494100001652,31.4083257884057
宝山区,上海中冶医院,德都路218弄62号,无,全部,121.46595406174706,31.412671138798478,121.45494100001652,31.4083257884057
宝山区,上海中冶医院,上海市宝山区富锦路900号,无,全部,121.46595406174706,31.412671138798478,121.45494100001652,31.4083257884057
闵行区,复旦大学附属儿科医院,上海市万源路399号,无,全部,121.4015179787025,31.144930848952879,121.39030869572728,31.141069785350016
闵行区,复旦大学附属儿科医院,顾戴路805号3层,无,全部,121.4015179787025,31.144930848952879,121.39030869572728,31.141069785350016
闵行区,复旦大学附属华山医院,闵行区金光路958号,无,全部,121.28053796550181,31.21403185518264,121.26952145177434,31.21032165338661
闵行区,复旦大学附属眼耳鼻喉科医院,闵行区江月路2600号,无,全部,121.49576397077348,31.085029819878199,121.48472885190232,31.08140350193461
闵行区,华东医院,春申路2869号,无,全部,121.41353776610689,31.113607583109237,121.40236400747163,31.109557251950324
闵行区,上海交通大学医学院附属仁济医院,闵行区江月路2000号,门急诊、住院,除停诊外,121.50515934810234,31.087329079732418,121.49414116817445,31.08378408389839
闵行区,上海市第五人民医院,上海市闵行区鹤庆路801号,无,全部,121.41395501848814,31.011793864759718,121.40279835486233,31.007795695567847
闵行区,上海市精神卫生中心,沪闵路3210号、3211号,无,全部,121.41145503425386,31.062934841947379,121.40031266829743,31.058961123406746
闵行区,上海市口腔医院,闵行区竹园西路1034号三层、四层,无,全部,121.50857919717882,31.074919028040968,121.49758678266147,31.07139320592167
闵行区,上海市闵行区中心医院,上海市莘庄镇莘松路170号,无,全部,121.38861193361008,31.118842580087429,121.37736878480649,31.11510314780312
闵行区,上海市闵行区中心医院,莘凌路39号,无,全部,121.38861193361008,31.118842580087429,121.37736878480649,31.11510314780312
闵行区,上海市民政第一精神卫生中心,上海市中春路9999号,无,全部,121.33331314472135,31.17338047619945,121.32238502289597,31.169004770111123
闵行区,上海市闵行区妇幼保健院,上海市闵行区顾戴路805号,无,全部,121.40013898991411,31.14614987174909,121.38892678285157,31.14230687005119
闵行区,上海市闵行区精神卫生中心,上海市闸航路2500号,无,全部,121.37868898145521,31.127464873196666,121.36746708761633,31.12370374693026
闵行区,上海市闵行区精神卫生中心,第二执业点:上海市疏影路578号,无,全部,121.37868898145521,31.127464873196666,121.36746708761633,31.12370374693026
闵行区,上海市闵行区牙病防治所,上海市吴中路829乙,无,全部,121.29513695715832,31.225826853870424,121.28415302176943,31.221848478728578
闵行区,上海市闵行区牙病防治所,"第二执业点:闵行区繁兴路1008,1030,1034,1038号",无,全部,121.29513695715832,31.225826853870424,121.28415302176943,31.221848478728578
闵行区,上海市闵行区中西医结合医院,上海市闵行区剑川路155号,门诊、住院、核酸检测,除停诊外,121.47425009279282,31.0474481092456,121.46325284216523,31.043436548175023
闵行区,上海市闵行区中西医结合医院,上海市闵行区剑川路159号,无,全部,121.47425009279282,31.0474481092456,121.46325284216523,31.043436548175023
闵行区,上海市闵行区肿瘤医院,上海市闵行区瑞丽路106号,无,全部,121.41510547835476,31.01110831368973,121.40395430652238,31.00708890140142
松江区,复旦大学附属中山医院,松江区佘山镇刘家山村456号,无,全部,121.23447959624146,31.037135176464493,121.22358353944823,31.033219592965942
松江区,上海市第一人民医院,松江区新松江路650号,无,全部,121.23226697993982,31.04614581826433,121.22138514084912,31.04218323025219
松江区,上海市松江区中心医院,上海市松江区中山中路746号,无,全部,121.23447959624146,31.037135176464493,121.22358353944823,31.033219592965942
松江区,上海市松江区中心医院,松江区三新北路900弄249号1层,无,全部,121.23447959624146,31.037135176464493,121.22358353944823,31.033219592965942
松江区,上海市第五康复医院,上海市松江区乐都路279号,无,全部,121.23749197393862,31.019010883278328,121.22656738679387,31.0151608650394
松江区,上海市松江区方塔中医医院,上海市松江区中山东路39号,无,全部,121.2591070011197,31.012183837412555,121.24810070307218,31.008660454304525
松江区,上海市松江区妇幼保健院,上海市松江区西林北路1010号,无,全部,121.22641901106988,31.030580822572703,121.21554683224758,31.026515376582605
松江区,上海市松江区妇幼保健院,松江区乐都西路867-871号2号楼4楼,无,全部,121.22641901106988,31.030580822572703,121.21554683224758,31.026515376582605
松江区,上海市松江区精神卫生中心,上海市松江区塔汇路209号,无,全部,121.18510423388553,30.974241006758093,121.17414872425402,30.970166143844462
松江区,上海市松江区精神卫生中心,上海市松江区乐都路193号,无,全部,121.18510423388553,30.974241006758093,121.17414872425402,30.970166143844462
松江区,上海市松江区九亭医院,上海市松江区九亭镇九新公路155号,无,全部,121.32626297358739,31.137154830966599,121.31533192200946,31.132781666530413
松江区,上海市松江区泗泾医院,上海市松江区泗泾镇泗通路389号,无,全部,121.26087297992177,31.12563183462274,121.24984932185575,31.122053657916634
嘉定区,海军军医大学第三附属医院,上海市墨玉北路700号,无,全部,121.17006300642645,31.328330911247769,121.1589807383765,31.324325973308618
嘉定区,上海市嘉定区安亭医院,上海市嘉定区安亭镇和静路1060号,门急诊、住院、发热门诊、核酸检测,除停诊外,121.1681690190892,31.307468898382667,121.15709450050844,31.303506485493507
嘉定区,上海市嘉定区妇幼保健院,上海市嘉定区高台路1216号,营养门诊、心理门诊、麻醉门诊、中医妇科门诊、婚前保健门诊、孕前保健门诊、儿童保健门诊,除停诊外,121.25337895603532,31.355571882220024,121.24235116984526,31.351822505136724
嘉定区,上海市嘉定区江桥医院,上海市嘉定区黄家花园路800号,部分门诊、核酸采样,除停诊外（急诊开诊、发热门诊开诊）,121.32769172850101,31.273613045809225,121.31676212747075,31.269175522431222
嘉定区,上海市嘉定区精神卫生中心,上海市嘉定区外冈镇望安路701号,无,全部（门诊开诊）,121.1533529968215,31.351962961314919,121.14216319310266,31.34813573654109
嘉定区,上海市嘉定区中心医院,上海市嘉定区城北路1号,部分门诊、核酸采样,除停诊外（急诊开诊、发热门诊开诊）,121.24600503559558,31.393625868485857,121.2350274015595,31.389762117286
嘉定区,上海市嘉定区中医医院,上海市嘉定区嘉定镇博乐路222号,无,全部,121.25737704436858,31.393111870809329,121.24636125992134,31.389399418009088
金山区,复旦大学附属金山医院,上海市金山区龙航路1508号,无,全部,121.33792037402093,30.762862777874728,121.32696816596304,30.75874236541419
金山区,上海市公共卫生临床中心,上海市金山区漕廊公路2901号,门急诊、发热门诊、住院,除停诊外,121.3462049965867,30.795599857215419,121.33523015657887,30.791567116210125
金山区,上海市第六人民医院金山分院,上海市金山区朱泾镇健康路147号,无,全部,121.16421297145382,30.898257116214123,121.15312600039157,30.894564244637206
金山区,上海市金山区妇幼保健所,上海市金山区朱泾镇南圩路12号,无,全部,121.1699829674055,30.903319865389127,121.15893653405396,30.89953957377803
金山区,上海市金山区精神卫生中心,上海市金山区金石南路1949号,无,全部,121.25710782220725,30.77842875199054,121.24613154610888,30.77502572394944
金山区,上海市金山区亭林医院,上海市金山区亭林镇寺平北路80号,无,全部,121.32110705928233,30.890168349710704,121.31019846866126,30.88596086753084
金山区,上海市金山区亭林医院,松金公路5265号,无,全部,121.32110705928233,30.890168349710704,121.31019846866126,30.88596086753084
金山区,上海市金山区牙病防治所,上海市金山区石化城区象州路12号,无,全部,121.35698205762044,30.717539635202966,121.34594036297194,30.713724024092915
金山区,上海市金山区中西医结合医院,上海市金山区枫泾镇白牛路219号,无,全部,121.02831995936018,30.897706291192035,121.01728602227301,30.894215571026848
青浦区,复旦大学附属中山医院青浦分院,上海市青浦区公园东路1158号,无,全部,121.14403101105279,31.161287862271064,121.1328706867474,31.157558587473414
青浦区,上海市青浦区妇幼保健所,上海市青浦区青浦镇华科路550弄2号,无,全部,121.12248353644606,31.148471356710976,121.11135282016093,31.14447400157404
青浦区,上海市青浦区妇幼保健所,青松路300号,无,全部,121.12248353644606,31.148471356710976,121.11135282016093,31.14447400157404
青浦区,上海市青浦区精神卫生中心,上海市青浦区练西公路4865号,无,全部,120.96675976103595,31.07928084455202,120.95612530050089,31.075140063495446
青浦区,上海市青浦区中医医院,上海市青浦区青浦镇青安路95号,无,全部,121.12254399240689,31.155806844004215,121.11141941675041,31.151808558751583
青浦区,上海市青浦区朱家角人民医院,上海市青浦区朱家角镇石家浜东路99号,门急诊、住院、发热门诊、核酸检测,除停诊外,121.0493976696459,31.13292204518185,121.03833083116785,31.129009657521294
奉贤区,上海交通大学医学院附属新华医院崇明分院,人民路68号,无,全部,121.48050373643108,30.923720110285378,121.46950456405668,30.919916174304362
奉贤区,上海市奉贤区中心医院,上海市奉贤区南桥镇南奉公路6600号,无,全部,121.51301404165104,30.928157843050344,121.5020623684832,30.92471451874437
奉贤区,上海市奉贤区奉城医院,上海市奉贤区川南奉公路9983号,无,全部,121.64817901749868,30.916519823826464,121.63744151613717,30.91301870138004
奉贤区,上海市奉贤区奉城医院,南奉公路9672号,无,全部,121.64817901749868,30.916519823826464,121.63744151613717,30.91301870138004
奉贤区,上海市奉贤区妇幼保健所,上海市奉贤区南桥镇立新路60号,无,全部,121.46729801662055,30.918714836089923,121.45631771399411,30.91463458127912
奉贤区,上海市奉贤区妇幼保健所,奉贤区南桥镇望园南路1529弄1号B楼4层,无,全部,121.46729801662055,30.918714836089923,121.45631771399411,30.91463458127912
奉贤区,上海市奉贤区古华医院,上海市奉贤区南桥镇南奉公路9220号,无,全部,121.47460600143586,30.919591819887569,121.46361416394448,30.915662092992928
奉贤区,上海市奉贤区精神卫生中心,上海市奉贤区奉炮公路1180弄1号,无,全部,121.64714093565137,30.87351932049007,121.63637479374583,30.87005530680856
奉贤区,上海市奉贤区精神卫生中心,上海市奉贤区燎钦公路1395号,无,全部,121.64714093565137,30.87351932049007,121.63637479374583,30.87005530680856
奉贤区,上海市奉贤区精神卫生中心,上海市奉贤区南桥镇古华路624号,无,全部,121.64714093565137,30.87351932049007,121.63637479374583,30.87005530680856
奉贤区,上海市奉贤区牙病防治所,上海市奉贤区南桥镇南奉公路9198号,无,全部,121.4748930100463,30.919674847518644,121.46390072585271,30.91575128030187
奉贤区,上海市奉贤区中医医院,上海市奉贤区南奉公路9588号,无,全部,121.46813397972812,30.918161827913428,121.4571520249778,30.91409807009941
崇明区,上海交通大学医学院附属新华医院崇明分院,上海市城桥镇南门路25号,无,全部,121.40600196048608,31.62340693634741,121.39476452176037,31.619337419534773
崇明区,上海市崇明区长兴人民医院,上海市崇明区长兴镇丰福路1008号,门诊、住院、核酸检测,除停诊外,121.71148997289201,31.398279922580778,121.70066366074909,31.394178655101413
崇明区,上海市崇明区传染病医院,上海市崇明区城桥镇利民路518号,无,全部,121.39863100445452,31.662770941777475,121.3873863277313,31.65881231970547
崇明区,上海市崇明区第三人民医院,上海市崇明区庙镇镇为民街24号,无,全部,121.6314259790598,31.53517291891606,121.62061595308387,31.53162891445481
崇明区,上海市崇明区妇幼保健所,上海市崇明区城桥镇一江山路616号,无,全部,121.41086897973915,31.632074908667606,121.39966139542155,31.6279230770703
崇明区,上海市崇明区精神卫生中心,上海市崇明区城桥镇三沙洪路19号,无,全部,121.38958839169942,31.629940179010754,121.37832181555332,31.62604922652799
崇明区,上海市崇明区康乐医院,上海市崇明区新河镇永丰村前进516号,无,全部,121.57285295641775,31.640387915175539,121.56218938598876,31.636132968762535
崇明区,上海市第十人民医院崇明分院,上海市崇明区堡镇向阳东路66号,无,全部,121.6314259790598,31.53517291891606,121.62061595308387,31.53162891445481
